"tabix_tissue","data_tissue","path"
"adipose_subcutaneous","Adipose_Subcutaneous","QTD000116.credible_sets.tsv.gz"
"adipose_visceral","Adipose_Visceral_Omentum","QTD000121.credible_sets.tsv.gz"
"adrenal_gland","Adrenal_Gland","QTD000126.credible_sets.tsv.gz"
"artery_aorta","Artery_Aorta","QTD000131.credible_sets.tsv.gz"
"artery_coronary","Artery_Coronary","QTD000136.credible_sets.tsv.gz"
"artery_tibial","Artery_Tibial","QTD000141.credible_sets.tsv.gz"
"brain_amygdala","Brain_Amygdala","QTD000146.credible_sets.tsv.gz"
"brain_anterior_cingulate_cortex","Brain_Anterior_cingulate_cortex_BA24","QTD000151.credible_sets.tsv.gz"
"brain_caudate","Brain_Caudate_basal_ganglia","QTD000156.credible_sets.tsv.gz"
"brain_cerebellar_hemisphere","Brain_Cerebellar_Hemisphere","QTD000161.credible_sets.tsv.gz"
"brain_cerebellum","Brain_Cerebellum","QTD000166.credible_sets.tsv.gz"
"brain_cortex","Brain_Cortex","QTD000171.credible_sets.tsv.gz"
"brain_frontal_cortex","Brain_Frontal_Cortex_BA9","QTD000176.credible_sets.tsv.gz"
"brain_hippocampus","Brain_Hippocampus","QTD000181.credible_sets.tsv.gz"
"brain_hypothalamus","Brain_Hypothalamus","QTD000186.credible_sets.tsv.gz"
"brain_nucleus_accumbens","Brain_Nucleus_accumbens_basal_ganglia","QTD000191.credible_sets.tsv.gz"
"brain_putamen","Brain_Putamen_basal_ganglia","QTD000196.credible_sets.tsv.gz"
"brain_spinal_cord","Brain_Spinal_cord_cervical_c-1","QTD000201.credible_sets.tsv.gz"
"brain_substantia_nigra","Brain_Substantia_nigra","QTD000206.credible_sets.tsv.gz"
"breast","Breast_Mammary_Tissue","QTD000211.credible_sets.tsv.gz"
"fibroblast","Cells_Cultured_fibroblasts","QTD000216.credible_sets.tsv.gz"
"LCL","Cells_EBV-transformed_lymphocytes","QTD000221.credible_sets.tsv.gz"
"colon_sigmoid","Colon_Sigmoid","QTD000226.credible_sets.tsv.gz"
"colon_transverse","Colon_Transverse","QTD000231.credible_sets.tsv.gz"
"esophagus_gej","Esophagus_Gastroesophageal_Junction","QTD000236.credible_sets.tsv.gz"
"esophagus_mucosa","Esophagus_Mucosa","QTD000241.credible_sets.tsv.gz"
"esophagus_muscularis","Esophagus_Muscularis","QTD000246.credible_sets.tsv.gz"
"heart_atrial_appendage","Heart_Atrial_Appendage","QTD000251.credible_sets.tsv.gz"
"heart_left_ventricle","Heart_Left_Ventricle","QTD000256.credible_sets.tsv.gz"
"kidney_cortex","Kidney_Cortex","QTD000261.credible_sets.tsv.gz"
"liver","Liver","QTD000266.credible_sets.tsv.gz"
"lung","Lung","QTD000271.credible_sets.tsv.gz"
"minor_salivary_gland","Minor_Salivary_Gland","QTD000276.credible_sets.tsv.gz"
"muscle","Muscle_Skeletal","QTD000281.credible_sets.tsv.gz"
"nerve_tibial","Nerve_Tibial","QTD000286.credible_sets.tsv.gz"
"ovary","Ovary","QTD000291.credible_sets.tsv.gz"
"pancreas","Pancreas","QTD000296.credible_sets.tsv.gz"
"pituitary","Pituitary","QTD000301.credible_sets.tsv.gz"
"prostate","Prostate","QTD000306.credible_sets.tsv.gz"
"skin_not_sun_exposed","Skin_Not_Sun_Exposed_Suprapubic","QTD000311.credible_sets.tsv.gz"
"skin_sun_exposed","Skin_Sun_Exposed_Lower_leg","QTD000316.credible_sets.tsv.gz"
"small_intestine","Small_Intestine_Terminal_Ileum","QTD000321.credible_sets.tsv.gz"
"spleen","Spleen","QTD000326.credible_sets.tsv.gz"
"stomach","Stomach","QTD000331.credible_sets.tsv.gz"
"testis","Testis","QTD000336.credible_sets.tsv.gz"
"thyroid","Thyroid","QTD000341.credible_sets.tsv.gz"
"uterus","Uterus","QTD000346.credible_sets.tsv.gz"
"vagina","Vagina","QTD000351.credible_sets.tsv.gz"
"blood","Whole_Blood","QTD000356.credible_sets.tsv.gz"
